{
  "project_info": {
    "project_number": "309743111871",
    "project_id": "instagramclone-1b008",
    "storage_bucket": "instagramclone-1b008.appspot.com"
  },
  "client": [
    {
      "client_info": {
        "mobilesdk_app_id": "1:309743111871:android:7515cd8cda8cfea29bc00a",
        "android_client_info": {
          "package_name": "com.example.instagramclone"
        }
      },
      "oauth_client": [],
      "api_key": [
        {
          "current_key": "AIzaSyDWpQ00L3VDpipUjbdLLGinLysC_sKIZ6Y"
        }
      ],
      "services": {
        "appinvite_service": {
          "other_platform_oauth_client": []
        }
      }
    }
  ],
  "configuration_version": "1"
}